ID_cliente;nome;idade;ano_nascimento;estado;renda_mensal_R$
1;Cliente 001;23;2003;BA;14444
2;Cliente 002;68;1958;PR;6815
3;Cliente 003;34;1992;RJ;10678
4;Cliente 004;67;1959;RS;13854
5;Cliente 005;47;1979;GO;8734
6;Cliente 006;21;2005;CE;22256
7;Cliente 007;43;1983;SP;12975
8;Cliente 008;64;1962;PE;11708
9;Cliente 009;38;1988;MG;15373
10;Cliente 010;41;1985;RJ;20025
11;Cliente 011;37;1989;RJ;19372
12;Cliente 012;20;1946;SC;14771
13;Cliente 013;33;1993;SP;16344
14;Cliente 014;26;2000;RS;9453
15;Cliente 015;64;1962;SP;3858
16;Cliente 016;48;1978;PE;4803
17;Cliente 017;36;1990;PE;7700
18;Cliente 018;38;1988;PR;6020
19;Cliente 019;31;1995;PR;19102
20;Cliente 020;35;1991;RJ;8242
21;Cliente 021;70;1956;CE;21032
22;Cliente 022;39;1987;GO;16309
23;Cliente 023;50;1976;MG;19097
24;Cliente 024;25;1946;CE;22224
25;Cliente 025;34;1992;MG;9713
26;Cliente 026;65;1961;PE;5946
27;Cliente 027;21;2005;CE;17057
28;Cliente 028;68;1958;PR;3429
29;Cliente 029;67;1959;CE;7124
30;Cliente 030;47;1979;RJ;21474
31;Cliente 031;26;2000;GO;8261
32;Cliente 032;54;1972;PR;3210
33;Cliente 033;39;1987;RJ;9033
34;Cliente 034;53;1973;CE;22082
35;Cliente 035;65;1961;RJ;12520
36;Cliente 036;30;1946;MG;17414
37;Cliente 037;32;1994;CE;17323
38;Cliente 038;34;1992;RJ;22136
39;Cliente 039;20;2006;RJ;15965
40;Cliente 040;42;1984;RJ;4357
41;Cliente 041;39;1987;PE;7261
42;Cliente 042;28;1998;PR;10455
43;Cliente 043;47;1979;RS;16832
44;Cliente 044;69;1957;PE;9378
45;Cliente 045;59;1967;CE;5479
46;Cliente 046;31;1995;RS;17257
47;Cliente 047;35;1991;PR;4952
48;Cliente 048;22;1946;RJ;19417
49;Cliente 049;67;1959;PE;10878
50;Cliente 050;61;1965;RJ;4715
51;Cliente 051;22;2004;BA;9601
52;Cliente 052;43;1983;MG;16037
53;Cliente 053;38;1988;GO;15615
54;Cliente 054;49;1977;SC;22073
55;Cliente 055;67;1959;RS;15435
56;Cliente 056;39;1987;PE;20358
57;Cliente 057;47;1979;PR;8392
58;Cliente 058;62;1964;MG;11244
59;Cliente 059;48;1978;RS;11165
60;Cliente 060;35;1946;RJ;8312
61;Cliente 061;70;1956;SC;7200
62;Cliente 062;59;1967;CE;13834
63;Cliente 063;34;1992;SC;20680
64;Cliente 064;23;2003;MG;19668
65;Cliente 065;21;2005;PE;13737
66;Cliente 066;69;1957;GO;15530
67;Cliente 067;21;2005;SC;11300
68;Cliente 068;48;1978;SP;9268
69;Cliente 069;20;2006;CE;6670
70;Cliente 070;61;1965;PE;8792
71;Cliente 071;62;1964;MG;18840
72;Cliente 072;23;2003;SP;13906
73;Cliente 073;52;1974;RJ;15923
74;Cliente 074;21;2005;PR;19778
75;Cliente 075;28;1998;CE;14183
76;Cliente 076;59;1967;SP;13288
77;Cliente 077;44;1982;CE;5205
78;Cliente 078;43;1983;CE;10448
79;Cliente 079;53;1973;BA;21043
80;Cliente 080;56;1970;SP;8511
81;Cliente 081;44;1982;BA;14931
82;Cliente 082;36;1990;MG;11781
83;Cliente 083;37;1989;CE;19605
84;Cliente 084;63;1963;BA;6504
85;Cliente 085;52;1974;MG;2751
86;Cliente 086;33;1993;GO;9042
87;Cliente 087;31;1995;SP;15731
88;Cliente 088;59;1967;RS;3854
89;Cliente 089;62;1964;SP;3863
90;Cliente 090;50;1976;PR;5038
91;Cliente 091;45;1981;PR;20425
92;Cliente 092;35;1991;BA;8477
93;Cliente 093;25;2001;RS;18294
94;Cliente 094;35;1991;SP;12297
95;Cliente 095;32;1994;BA;9238
96;Cliente 096;43;1983;GO;2544
97;Cliente 097;62;1964;MG;17344
98;Cliente 098;29;1997;BA;10117
99;Cliente 099;37;1989;PE;16291
100;Cliente 100;25;2001;BA;15128
3;Cliente 003;34;1992;RJ;10678
17;Cliente 017;36;1990;PE;7700
29;Cliente 029;67;1959;CE;7124
54;Cliente 054;49;1977;SC;22073
81;Cliente 081;44;1982;BA;14931
